{
  "MAE_base_mps": 2.5699999999999985,
  "MAE_tree_mps": 3.854999999999997
}